<?xml version="1.0" encoding="UTF-8"?>
 <beans xmlns="http://www.springframework.org/schema/beans"
       xmlns:xsi="http://www.w3.org/2001/XMLSchema-instance"
       xmlns:context="http://www.springframework.org/schema/context"
       xmlns:mvc="http://www.springframework.org/schema/mvc"
        xmlns:tx="http://www.springframework.org/schema/tx"
       xsi:schemaLocation="
           http://www.springframework.org/schema/beans
           http://www.springframework.org/schema/beans/spring-beans.xsd
           http://www.springframework.org/schema/context
           http://www.springframework.org/schema/context/spring-context.xsd
           http://www.springframework.org/schema/mvc
           http://www.springframework.org/schema/mvc/spring-mvc.xsd
           http://www.springframework.org/schema/tx
           http://www.springframework.org/schema/tx/spring-tx.xsd">
           
       <tx:annotation-driven/>       

    <context:component-scan base-package="springcrud"/>
   
    <!-- Configure View Resolver -->
    <bean id="viewResolver"
          class="org.springframework.web.servlet.view.InternalResourceViewResolver">
        <property name="prefix" value="/WEB-INF/views/" />
        <property name="suffix" value=".jsp" />
    </bean>
    
     <!-- Configure DriverManager DataSource -->
     
    <bean name="ds" class="org.springframework.jdbc.datasource.DriverManagerDataSource">
    <property name="driverClassName" value="com.mysql.cj.jdbc.Driver" />
    <property name="url" value="jdbc:mysql://localhost:3306/springcrud"/>
    <property name="username" value="root" />
    <property name="password" value="1212" />
    </bean>
    
    
    <!-- Local Session Factory Bean -->
    
     <bean class="org.springframework.orm.hibernate5.LocalSessionFactoryBean" name="factory" >
    
       <!-- Data Source -->
       <property name="dataSource" ref="ds" ></property>
       
       <!-- Hibernate property -->
       <property name="hibernateProperties"> 
         <props>
            <prop key="hibernate.dialect">org.hibernate.dialect.MySQL57Dialect</prop>
                <prop key="hibernate.show_sql">true</prop>
                <prop key="hibernate.hbm2ddl.auto">update</prop>
         </props>
       </property>
       
       <!-- annotated class -->
        <property name="annotatedClasses">
        <list>
           <value>
               springcrud.model.Employee
           </value>
        </list>
        </property>
    </bean>
 
     <!-- Hibernate Template -->
 
    <bean class="org.springframework.orm.hibernate5.HibernateTemplate" name="hibernateTemplate">
        <property name="sessionFactory" ref="factory"></property>
    </bean>
 
 
 
  <!-- Hibernate Transaction Manager -->
    <bean id="transactionManager" class="org.springframework.orm.hibernate5.HibernateTransactionManager">
        <property name="sessionFactory" ref="factory" />
    </bean>
    
 
 
 
 
 
 
 
 
 
 
 
 
    
    </beans>